{
  "annotations": {
    "list": [
      {
        "builtIn": 1,
        "datasource": "-- Grafana --",
        "enable": true,
        "hide": true,
        "iconColor": "rgba(0, 211, 255, 1)",
        "name": "Annotations & Alerts",
        "type": "dashboard"
      }
    ]
  },
  "description": "",
  "editable": true,
  "gnetId": null,
  "graphTooltip": 0,
  "id": 15,
  "iteration": 1592330914164,
  "links": [],
  "panels": [
    {
      "content": "# Hostname: $host_metric",
      "datasource": "Ettrak-ESU-metrics",
      "gridPos": {
        "h": 2,
        "w": 4,
        "x": 0,
        "y": 0
      },
      "id": 32,
      "mode": "markdown",
      "options": {},
      "targets": [
        {
          "bucketAggs": [
            {
              "field": "datetime",
              "id": "2",
              "settings": {
                "interval": "auto",
                "min_doc_count": 0,
                "trimEdges": 0
              },
              "type": "date_histogram"
            }
          ],
          "metrics": [
            {
              "field": "select field",
              "id": "1",
              "type": "count"
            }
          ],
          "refId": "A",
          "timeField": "datetime"
        }
      ],
      "timeFrom": null,
      "timeShift": null,
      "title": "",
      "transparent": true,
      "type": "text"
    },
    {
      "cacheTimeout": null,
      "colorBackground": false,
      "colorPostfix": false,
      "colorPrefix": false,
      "colorValue": true,
      "colors": [
        "#56A64B",
        "#56A64B",
        "#56A64B"
      ],
      "datasource": "Ettrak-ESU-metrics",
      "format": "none",
      "gauge": {
        "maxValue": 100,
        "minValue": 0,
        "show": false,
        "thresholdLabels": false,
        "thresholdMarkers": true
      },
      "gridPos": {
        "h": 2,
        "w": 4,
        "x": 4,
        "y": 0
      },
      "hideTimeOverride": true,
      "id": 12,
      "interval": "",
      "links": [],
      "mappingType": 1,
      "mappingTypes": [
        {
          "name": "value to text",
          "value": 1
        },
        {
          "name": "range to text",
          "value": 2
        }
      ],
      "maxDataPoints": 100,
      "nullPointMode": "connected",
      "nullText": null,
      "options": {},
      "postfix": "",
      "postfixFontSize": "100%",
      "prefix": " Batteries:",
      "prefixFontSize": "80%",
      "rangeMaps": [
        {
          "from": "null",
          "text": "N/A",
          "to": "null"
        }
      ],
      "sparkline": {
        "fillColor": "rgba(31, 118, 189, 0.18)",
        "full": false,
        "lineColor": "rgb(31, 120, 193)",
        "show": false
      },
      "tableColumn": "",
      "targets": [
        {
          "bucketAggs": [
            {
              "field": "datetime",
              "id": "2",
              "settings": {
                "interval": "1m",
                "min_doc_count": 0,
                "trimEdges": 0
              },
              "type": "date_histogram"
            }
          ],
          "metrics": [
            {
              "field": "num_tubes",
              "id": "1",
              "meta": {},
              "settings": {},
              "type": "avg"
            }
          ],
          "query": "hostname:$host_metric",
          "refId": "A",
          "timeField": "datetime"
        }
      ],
      "thresholds": "",
      "timeFrom": null,
      "timeShift": null,
      "title": "",
      "transparent": true,
      "type": "singlestat",
      "valueFontSize": "100%",
      "valueMaps": [
        {
          "op": "=",
          "text": "N/A",
          "value": "null"
        }
      ],
      "valueName": "current"
    },
    {
      "cacheTimeout": null,
      "colorBackground": false,
      "colorPostfix": false,
      "colorPrefix": false,
      "colorValue": true,
      "colors": [
        "#37872D",
        "#56A64B",
        "#d44a3a"
      ],
      "datasource": "Ettrak-ESU-metrics",
      "format": "none",
      "gauge": {
        "maxValue": 100,
        "minValue": 0,
        "show": false,
        "thresholdLabels": false,
        "thresholdMarkers": true
      },
      "gridPos": {
        "h": 2,
        "w": 4,
        "x": 8,
        "y": 0
      },
      "id": 14,
      "interval": "",
      "links": [],
      "mappingType": 1,
      "mappingTypes": [
        {
          "name": "value to text",
          "value": 1
        },
        {
          "name": "range to text",
          "value": 2
        }
      ],
      "maxDataPoints": 100,
      "nullPointMode": "connected",
      "nullText": null,
      "options": {},
      "postfix": "",
      "postfixFontSize": "100%",
      "prefix": " Adapters: ",
      "prefixFontSize": "70%",
      "rangeMaps": [
        {
          "from": "null",
          "text": "N/A",
          "to": "null"
        }
      ],
      "sparkline": {
        "fillColor": "rgba(31, 118, 189, 0.18)",
        "full": false,
        "lineColor": "rgb(31, 120, 193)",
        "show": false
      },
      "tableColumn": "",
      "targets": [
        {
          "bucketAggs": [
            {
              "field": "datetime",
              "id": "2",
              "settings": {
                "interval": "1m",
                "min_doc_count": 0,
                "trimEdges": 0
              },
              "type": "date_histogram"
            }
          ],
          "metrics": [
            {
              "field": "num_etas",
              "id": "1",
              "meta": {},
              "settings": {},
              "type": "avg"
            }
          ],
          "query": "hostname:$host_metric",
          "refId": "A",
          "timeField": "datetime"
        }
      ],
      "thresholds": "",
      "timeFrom": null,
      "timeShift": null,
      "title": "",
      "transparent": true,
      "type": "singlestat",
      "valueFontSize": "100%",
      "valueMaps": [],
      "valueName": "current"
    },
    {
      "datasource": "Ettrak-ESU-metrics",
      "gridPos": {
        "h": 4,
        "w": 3,
        "x": 12,
        "y": 0
      },
      "hideTimeOverride": true,
      "id": 20,
      "interval": "",
      "links": [],
      "options": {
        "fieldOptions": {
          "calcs": [
            "last"
          ],
          "defaults": {
            "color": {
              "mode": "thresholds"
            },
            "decimals": null,
            "mappings": [],
            "max": 100,
            "min": 0,
            "thresholds": {
              "mode": "absolute",
              "steps": [
                {
                  "color": "semi-dark-red",
                  "index": 0,
                  "value": null
                },
                {
                  "color": "red",
                  "index": 1,
                  "value": 80
                }
              ]
            },
            "unit": "volt"
          },
          "overrides": [],
          "values": false
        },
        "orientation": "auto",
        "showThresholdLabels": false,
        "showThresholdMarkers": false
      },
      "pluginVersion": "6.6.1",
      "targets": [
        {
          "bucketAggs": [
            {
              "field": "datetime",
              "id": "2",
              "settings": {
                "interval": "auto",
                "min_doc_count": 1,
                "trimEdges": 0
              },
              "type": "date_histogram"
            }
          ],
          "metrics": [
            {
              "field": "avg_ext_volt",
              "id": "1",
              "meta": {},
              "settings": {},
              "type": "avg"
            }
          ],
          "query": "hostname:$host_metric",
          "refId": "A",
          "timeField": "datetime"
        }
      ],
      "timeFrom": null,
      "timeShift": null,
      "title": "",
      "transparent": true,
      "type": "gauge"
    },
    {
      "datasource": "Ettrak-ESU-metrics",
      "gridPos": {
        "h": 4,
        "w": 3,
        "x": 15,
        "y": 0
      },
      "hideTimeOverride": true,
      "id": 18,
      "interval": "",
      "links": [],
      "options": {
        "fieldOptions": {
          "calcs": [
            "last"
          ],
          "defaults": {
            "color": {
              "mode": "thresholds"
            },
            "decimals": null,
            "mappings": [],
            "max": 100,
            "min": 0,
            "thresholds": {
              "mode": "absolute",
              "steps": [
                {
                  "color": "red",
                  "value": null
                },
                {
                  "color": "yellow",
                  "value": 10
                },
                {
                  "color": "green",
                  "value": 35
                }
              ]
            },
            "unit": "percent"
          },
          "overrides": [],
          "values": false
        },
        "orientation": "auto",
        "showThresholdLabels": false,
        "showThresholdMarkers": false
      },
      "pluginVersion": "6.6.1",
      "targets": [
        {
          "bucketAggs": [
            {
              "field": "datetime",
              "id": "2",
              "settings": {
                "interval": "auto",
                "min_doc_count": 1,
                "offset": "",
                "trimEdges": 0
              },
              "type": "date_histogram"
            }
          ],
          "metrics": [
            {
              "field": "avg_soc",
              "id": "1",
              "meta": {},
              "settings": {},
              "type": "avg"
            }
          ],
          "query": "hostname:$host_metric",
          "refId": "A",
          "timeField": "datetime"
        }
      ],
      "timeFrom": null,
      "timeShift": null,
      "title": "",
      "transparent": true,
      "type": "gauge"
    },
    {
      "datasource": "Ettrak-ESU-metrics",
      "description": "",
      "gridPos": {
        "h": 4,
        "w": 3,
        "x": 18,
        "y": 0
      },
      "hideTimeOverride": true,
      "id": 22,
      "interval": "",
      "links": [],
      "options": {
        "fieldOptions": {
          "calcs": [
            "last"
          ],
          "defaults": {
            "color": {
              "mode": "thresholds"
            },
            "decimals": null,
            "mappings": [],
            "max": "250",
            "min": "-250",
            "thresholds": {
              "mode": "absolute",
              "steps": [
                {
                  "color": "light-yellow",
                  "index": 0,
                  "value": null
                },
                {
                  "color": "semi-dark-yellow",
                  "index": 1,
                  "value": 80
                }
              ]
            },
            "unit": "watt"
          },
          "overrides": [],
          "values": false
        },
        "orientation": "auto",
        "showThresholdLabels": false,
        "showThresholdMarkers": false
      },
      "pluginVersion": "6.6.1",
      "targets": [
        {
          "bucketAggs": [
            {
              "field": "datetime",
              "id": "2",
              "settings": {
                "interval": "auto",
                "min_doc_count": 1,
                "trimEdges": 0
              },
              "type": "date_histogram"
            }
          ],
          "metrics": [
            {
              "field": "avg_watts",
              "id": "1",
              "meta": {},
              "settings": {},
              "type": "avg"
            }
          ],
          "query": "hostname:$host_metric",
          "refId": "A",
          "timeField": "datetime"
        }
      ],
      "timeFrom": null,
      "timeShift": null,
      "title": "",
      "transparent": true,
      "type": "gauge"
    },
    {
      "datasource": "Ettrak-ESU-metrics",
      "gridPos": {
        "h": 4,
        "w": 3,
        "x": 21,
        "y": 0
      },
      "hideTimeOverride": true,
      "id": 24,
      "interval": "",
      "links": [],
      "options": {
        "fieldOptions": {
          "calcs": [
            "last"
          ],
          "defaults": {
            "color": {
              "mode": "thresholds"
            },
            "decimals": null,
            "mappings": [],
            "max": "50",
            "min": 0,
            "thresholds": {
              "mode": "absolute",
              "steps": [
                {
                  "color": "green",
                  "index": 0,
                  "value": null
                },
                {
                  "color": "#EAB839",
                  "index": 1,
                  "value": 37
                },
                {
                  "color": "red",
                  "index": 2,
                  "value": 40
                }
              ]
            },
            "unit": "celsius"
          },
          "overrides": [],
          "values": false
        },
        "orientation": "auto",
        "showThresholdLabels": false,
        "showThresholdMarkers": false
      },
      "pluginVersion": "6.6.1",
      "targets": [
        {
          "bucketAggs": [
            {
              "field": "datetime",
              "id": "2",
              "settings": {
                "interval": "auto",
                "min_doc_count": 1,
                "trimEdges": 0
              },
              "type": "date_histogram"
            }
          ],
          "metrics": [
            {
              "field": "avg_temp",
              "id": "1",
              "meta": {},
              "settings": {},
              "type": "avg"
            }
          ],
          "query": "hostname:$host_metric",
          "refId": "A",
          "timeField": "datetime"
        }
      ],
      "timeFrom": null,
      "timeShift": null,
      "title": "",
      "transparent": true,
      "type": "gauge"
    },
    {
      "circleMaxSize": "5",
      "circleMinSize": "5",
      "colors": [
        "#FF780A",
        "#FF780A",
        "#FF780A"
      ],
      "datasource": "Ettrak-ESU-metrics",
      "decimals": 0,
      "esMetric": "Count",
      "gridPos": {
        "h": 13,
        "w": 11,
        "x": 0,
        "y": 2
      },
      "hideEmpty": false,
      "hideZero": false,
      "id": 30,
      "initialZoom": "10",
      "locationData": "table",
      "mapCenter": "Last GeoHash",
      "mapCenterLatitude": 52.51533508300781,
      "mapCenterLongitude": 13.460311889648438,
      "maxDataPoints": 1,
      "mouseWheelZoom": false,
      "options": {},
      "showLegend": true,
      "stickyLabels": false,
      "tableQueryOptions": {
        "geohashField": "location",
        "latitudeField": "latitude",
        "longitudeField": "longitude",
        "metricField": "avg_soc",
        "queryType": "geohash"
      },
      "targets": [
        {
          "bucketAggs": [
            {
              "fake": true,
              "field": "datetime",
              "id": "3",
              "settings": {
                "interval": "auto",
                "min_doc_count": 1,
                "trimEdges": 0
              },
              "type": "date_histogram"
            },
            {
              "field": "location",
              "id": "2",
              "settings": {
                "precision": 7
              },
              "type": "geohash_grid"
            }
          ],
          "metrics": [
            {
              "field": "select field",
              "id": "1",
              "type": "count"
            }
          ],
          "query": "hostname:$host_metric",
          "refId": "A",
          "timeField": "datetime"
        }
      ],
      "thresholds": "0,10",
      "timeFrom": null,
      "timeShift": null,
      "title": "Location",
      "type": "grafana-worldmap-panel",
      "unitPlural": "",
      "unitSingle": "",
      "valueName": "avg"
    },
    {
      "aliasColors": {},
      "bars": false,
      "cacheTimeout": null,
      "dashLength": 10,
      "dashes": false,
      "datasource": "Ettrak-ESU-metrics",
      "fill": 1,
      "fillGradient": 3,
      "gridPos": {
        "h": 7,
        "w": 13,
        "x": 11,
        "y": 4
      },
      "hiddenSeries": false,
      "hideTimeOverride": false,
      "id": 2,
      "interval": "",
      "legend": {
        "alignAsTable": true,
        "avg": true,
        "current": true,
        "hideEmpty": false,
        "max": true,
        "min": true,
        "rightSide": false,
        "show": false,
        "total": false,
        "values": true
      },
      "lines": true,
      "linewidth": 1,
      "links": [],
      "nullPointMode": "null",
      "options": {
        "dataLinks": []
      },
      "paceLength": 10,
      "percentage": false,
      "pointradius": 1,
      "points": true,
      "renderer": "flot",
      "seriesOverrides": [
        {
          "alias": "Max num_tubes",
          "bars": true,
          "color": "#A352CC",
          "lines": false,
          "points": false
        }
      ],
      "spaceLength": 10,
      "stack": false,
      "steppedLine": false,
      "targets": [
        {
          "bucketAggs": [
            {
              "field": "datetime",
              "id": "2",
              "settings": {
                "interval": "auto",
                "min_doc_count": 0,
                "trimEdges": 0
              },
              "type": "date_histogram"
            }
          ],
          "metrics": [
            {
              "field": "avg_soc",
              "id": "1",
              "meta": {},
              "settings": {},
              "type": "max"
            },
            {
              "field": "num_tubes",
              "id": "3",
              "meta": {},
              "settings": {},
              "type": "max"
            }
          ],
          "query": "hostname:$host_metric",
          "refId": "A",
          "timeField": "datetime"
        }
      ],
      "thresholds": [],
      "timeFrom": null,
      "timeRegions": [],
      "timeShift": null,
      "title": "",
      "tooltip": {
        "shared": true,
        "sort": 0,
        "value_type": "individual"
      },
      "transparent": true,
      "type": "graph",
      "xaxis": {
        "buckets": null,
        "mode": "time",
        "name": null,
        "show": true,
        "values": []
      },
      "yaxes": [
        {
          "format": "percent",
          "label": "state of charge (soc)",
          "logBase": 1,
          "max": "120",
          "min": "0",
          "show": true
        },
        {
          "format": "none",
          "label": "tubes used",
          "logBase": 1,
          "max": null,
          "min": null,
          "show": true
        }
      ],
      "yaxis": {
        "align": false,
        "alignLevel": null
      }
    },
    {
      "aliasColors": {},
      "bars": true,
      "dashLength": 10,
      "dashes": false,
      "datasource": "Ettrak-ESU-metrics",
      "fill": 2,
      "fillGradient": 2,
      "gridPos": {
        "h": 7,
        "w": 13,
        "x": 11,
        "y": 11
      },
      "hiddenSeries": false,
      "id": 16,
      "interval": "",
      "legend": {
        "alignAsTable": true,
        "avg": true,
        "current": true,
        "max": true,
        "min": true,
        "rightSide": false,
        "show": false,
        "total": false,
        "values": true
      },
      "lines": false,
      "linewidth": 2,
      "links": [],
      "nullPointMode": "connected",
      "options": {
        "dataLinks": []
      },
      "paceLength": 10,
      "percentage": true,
      "pointradius": 2,
      "points": false,
      "renderer": "flot",
      "seriesOverrides": [
        {
          "alias": "Max avg_watts",
          "color": "#E0B400"
        },
        {
          "alias": "Average avg_soc",
          "bars": false,
          "color": "#96D98D",
          "fill": 1,
          "hideTooltip": true,
          "lines": true,
          "linewidth": 0
        }
      ],
      "spaceLength": 10,
      "stack": false,
      "steppedLine": false,
      "targets": [
        {
          "bucketAggs": [
            {
              "field": "datetime",
              "id": "2",
              "settings": {
                "interval": "auto",
                "min_doc_count": 0,
                "trimEdges": 0
              },
              "type": "date_histogram"
            }
          ],
          "metrics": [
            {
              "field": "avg_watts",
              "id": "1",
              "inlineScript": null,
              "meta": {},
              "settings": {},
              "type": "max"
            },
            {
              "field": "avg_soc",
              "id": "3",
              "meta": {},
              "settings": {},
              "type": "avg"
            }
          ],
          "query": "hostname:$host_metric",
          "refId": "A",
          "timeField": "datetime"
        }
      ],
      "thresholds": [],
      "timeFrom": null,
      "timeRegions": [],
      "timeShift": null,
      "title": "",
      "tooltip": {
        "shared": true,
        "sort": 0,
        "value_type": "individual"
      },
      "transparent": true,
      "type": "graph",
      "xaxis": {
        "buckets": null,
        "mode": "time",
        "name": null,
        "show": true,
        "values": []
      },
      "yaxes": [
        {
          "decimals": 0,
          "format": "watt",
          "label": "watts (actual power) -In / +Out",
          "logBase": 1,
          "max": null,
          "min": null,
          "show": true
        },
        {
          "decimals": 0,
          "format": "percent",
          "label": "soc (state of charge)",
          "logBase": 1,
          "max": "100",
          "min": "0",
          "show": true
        }
      ],
      "yaxis": {
        "align": false,
        "alignLevel": null
      }
    },
    {
      "aliasColors": {},
      "bars": false,
      "dashLength": 10,
      "dashes": false,
      "datasource": "Ettrak-ESU-metrics",
      "fill": 1,
      "fillGradient": 2,
      "gridPos": {
        "h": 5,
        "w": 11,
        "x": 0,
        "y": 15
      },
      "hiddenSeries": false,
      "id": 4,
      "interval": "",
      "legend": {
        "alignAsTable": true,
        "avg": true,
        "current": true,
        "max": true,
        "min": true,
        "show": false,
        "total": false,
        "values": true
      },
      "lines": true,
      "linewidth": 1,
      "links": [],
      "nullPointMode": "null",
      "options": {
        "dataLinks": []
      },
      "paceLength": 10,
      "percentage": false,
      "pointradius": 1,
      "points": true,
      "renderer": "flot",
      "seriesOverrides": [
        {
          "alias": "Max avg_temp",
          "color": "#1F60C4"
        }
      ],
      "spaceLength": 10,
      "stack": false,
      "steppedLine": false,
      "targets": [
        {
          "bucketAggs": [
            {
              "field": "datetime",
              "id": "2",
              "settings": {
                "interval": "auto",
                "min_doc_count": 0,
                "trimEdges": 0
              },
              "type": "date_histogram"
            }
          ],
          "hide": false,
          "metrics": [
            {
              "field": "avg_temp",
              "id": "1",
              "meta": {},
              "settings": {},
              "type": "max"
            }
          ],
          "query": "hostname:$host_metric",
          "refId": "A",
          "timeField": "datetime"
        }
      ],
      "thresholds": [],
      "timeFrom": null,
      "timeRegions": [],
      "timeShift": null,
      "title": "",
      "tooltip": {
        "shared": false,
        "sort": 0,
        "value_type": "individual"
      },
      "transparent": true,
      "type": "graph",
      "xaxis": {
        "buckets": null,
        "mode": "time",
        "name": null,
        "show": true,
        "values": []
      },
      "yaxes": [
        {
          "format": "celsius",
          "label": "temperature ",
          "logBase": 1,
          "max": "55",
          "min": "0",
          "show": true
        },
        {
          "format": "celsius",
          "label": null,
          "logBase": 1,
          "max": null,
          "min": null,
          "show": false
        }
      ],
      "yaxis": {
        "align": false,
        "alignLevel": null
      }
    },
    {
      "aliasColors": {},
      "bars": true,
      "dashLength": 10,
      "dashes": false,
      "datasource": "Ettrak-ESU-metrics",
      "fill": 1,
      "fillGradient": 0,
      "gridPos": {
        "h": 7,
        "w": 13,
        "x": 11,
        "y": 18
      },
      "hiddenSeries": false,
      "id": 34,
      "legend": {
        "avg": false,
        "current": false,
        "max": false,
        "min": false,
        "rightSide": false,
        "show": false,
        "total": false,
        "values": false
      },
      "lines": false,
      "linewidth": 1,
      "nullPointMode": "null",
      "options": {
        "dataLinks": []
      },
      "percentage": false,
      "pointradius": 2,
      "points": false,
      "renderer": "flot",
      "seriesOverrides": [
        {
          "alias": "Average avg_act_curr",
          "color": "#FFB357"
        }
      ],
      "spaceLength": 10,
      "stack": false,
      "steppedLine": false,
      "targets": [
        {
          "bucketAggs": [
            {
              "field": "datetime",
              "id": "2",
              "settings": {
                "interval": "auto",
                "min_doc_count": 0,
                "trimEdges": 0
              },
              "type": "date_histogram"
            }
          ],
          "metrics": [
            {
              "field": "avg_act_curr",
              "id": "1",
              "meta": {},
              "settings": {},
              "type": "avg"
            }
          ],
          "query": "hostname:$host_metric",
          "refId": "A",
          "timeField": "datetime"
        }
      ],
      "thresholds": [],
      "timeFrom": null,
      "timeRegions": [],
      "timeShift": null,
      "title": "",
      "tooltip": {
        "shared": true,
        "sort": 0,
        "value_type": "individual"
      },
      "transparent": true,
      "type": "graph",
      "xaxis": {
        "buckets": null,
        "mode": "time",
        "name": null,
        "show": true,
        "values": []
      },
      "yaxes": [
        {
          "format": "amp",
          "label": "mA (actual current) -In / +Out ",
          "logBase": 1,
          "max": null,
          "min": null,
          "show": true
        },
        {
          "format": "short",
          "label": null,
          "logBase": 1,
          "max": null,
          "min": null,
          "show": true
        }
      ],
      "yaxis": {
        "align": false,
        "alignLevel": null
      }
    },
    {
      "aliasColors": {},
      "bars": false,
      "dashLength": 10,
      "dashes": false,
      "datasource": "Ettrak-ESU-metrics",
      "fill": 1,
      "fillGradient": 3,
      "gridPos": {
        "h": 5,
        "w": 11,
        "x": 0,
        "y": 20
      },
      "hiddenSeries": false,
      "id": 8,
      "interval": "",
      "legend": {
        "alignAsTable": true,
        "avg": true,
        "current": true,
        "max": true,
        "min": true,
        "show": false,
        "total": false,
        "values": true
      },
      "lines": true,
      "linewidth": 1,
      "links": [],
      "nullPointMode": "null",
      "options": {
        "dataLinks": []
      },
      "paceLength": 10,
      "percentage": false,
      "pluginVersion": "6.6.1",
      "pointradius": 1,
      "points": true,
      "renderer": "flot",
      "seriesOverrides": [
        {
          "alias": "Max avg_ext_volt",
          "color": "#E02F44"
        }
      ],
      "spaceLength": 10,
      "stack": false,
      "steppedLine": true,
      "targets": [
        {
          "bucketAggs": [
            {
              "field": "datetime",
              "id": "2",
              "settings": {
                "interval": "auto",
                "min_doc_count": 0,
                "trimEdges": 0
              },
              "type": "date_histogram"
            }
          ],
          "metrics": [
            {
              "field": "avg_ext_volt",
              "id": "1",
              "meta": {},
              "settings": {},
              "type": "max"
            }
          ],
          "query": "hostname:$host_metric",
          "refId": "A",
          "timeField": "datetime"
        }
      ],
      "thresholds": [],
      "timeFrom": null,
      "timeRegions": [],
      "timeShift": null,
      "title": "",
      "tooltip": {
        "shared": false,
        "sort": 0,
        "value_type": "individual"
      },
      "transparent": true,
      "type": "graph",
      "xaxis": {
        "buckets": null,
        "mode": "time",
        "name": null,
        "show": true,
        "values": []
      },
      "yaxes": [
        {
          "decimals": 0,
          "format": "volt",
          "label": "external voltage",
          "logBase": 1,
          "max": "65",
          "min": "0",
          "show": true
        },
        {
          "format": "short",
          "label": null,
          "logBase": 1,
          "max": null,
          "min": null,
          "show": true
        }
      ],
      "yaxis": {
        "align": false,
        "alignLevel": null
      }
    }
  ],
  "refresh": "10m",
  "schemaVersion": 22,
  "style": "dark",
  "tags": [
    "Metrics",
    "ESU"
  ],
  "templating": {
    "list": [
      {
        "allValue": null,
        "current": {
          "isNone": true,
          "selected": false,
          "text": "None",
          "value": ""
        },
        "datasource": "Ettrak-ESU-metrics",
        "definition": "{\"find\": \"terms\", \"field\": \"hostname.keyword\"}",
        "hide": 0,
        "includeAll": false,
        "label": "ESU",
        "multi": false,
        "name": "host_metric",
        "options": [],
        "query": "{\"find\": \"terms\", \"field\": \"hostname.keyword\"}",
        "refresh": 2,
        "regex": "",
        "skipUrlSync": false,
        "sort": 1,
        "tagValuesQuery": "",
        "tags": [],
        "tagsQuery": "",
        "type": "query",
        "useTags": false
      }
    ]
  },
  "time": {
    "from": "now/d",
    "to": "now"
  },
  "timepicker": {
    "refresh_intervals": [
      "10m"
    ],
    "time_options": [
      "5m",
      "15m",
      "1h",
      "6h",
      "12h",
      "24h",
      "2d",
      "7d",
      "30d"
    ]
  },
  "timezone": "",
  "title": "ESU-Metrics",
  "uid": "E--evO6ik",
  "version": 74
}
