{
  "annotations": {
    "list": [
      {
        "builtIn": 1,
        "datasource": "-- Grafana --",
        "enable": true,
        "hide": true,
        "iconColor": "rgba(0, 211, 255, 1)",
        "name": "Annotations & Alerts",
        "type": "dashboard"
      }
    ]
  },
  "editable": true,
  "gnetId": null,
  "graphTooltip": 0,
  "id": 5,
  "iteration": 1592331067263,
  "links": [],
  "panels": [
    {
      "cacheTimeout": null,
      "colorBackground": false,
      "colorValue": false,
      "colors": [
        "#299c46",
        "rgba(237, 129, 40, 0.89)",
        "#d44a3a"
      ],
      "datasource": "Ettrak-Hubs",
      "format": "none",
      "gauge": {
        "maxValue": 100,
        "minValue": 0,
        "show": false,
        "thresholdLabels": false,
        "thresholdMarkers": true
      },
      "gridPos": {
        "h": 3,
        "w": 2,
        "x": 0,
        "y": 0
      },
      "id": 51,
      "interval": null,
      "links": [],
      "mappingType": 1,
      "mappingTypes": [
        {
          "name": "value to text",
          "value": 1
        },
        {
          "name": "range to text",
          "value": 2
        }
      ],
      "maxDataPoints": 100,
      "nullPointMode": "connected",
      "nullText": null,
      "options": {},
      "postfix": "Packs",
      "postfixFontSize": "50%",
      "prefix": "",
      "prefixFontSize": "50%",
      "rangeMaps": [
        {
          "from": "null",
          "text": "N/A",
          "to": "null"
        }
      ],
      "sparkline": {
        "fillColor": "rgba(31, 118, 189, 0.18)",
        "full": false,
        "lineColor": "rgb(31, 120, 193)",
        "show": false
      },
      "tableColumn": "",
      "targets": [
        {
          "bucketAggs": [
            {
              "field": "datetime",
              "id": "2",
              "settings": {
                "interval": "auto",
                "min_doc_count": 0,
                "trimEdges": 0
              },
              "type": "date_histogram"
            }
          ],
          "metrics": [
            {
              "field": "battery_packs",
              "id": "1",
              "meta": {},
              "pipelineVariables": [
                {
                  "name": "var1",
                  "pipelineAgg": "select metric"
                }
              ],
              "settings": {},
              "type": "avg"
            }
          ],
          "query": "hostname:$host",
          "refId": "A",
          "timeField": "datetime"
        }
      ],
      "thresholds": "",
      "timeFrom": "5m",
      "timeShift": null,
      "title": "",
      "type": "singlestat",
      "valueFontSize": "80%",
      "valueMaps": [
        {
          "op": "=",
          "text": "N/A",
          "value": "null"
        }
      ],
      "valueName": "current"
    },
    {
      "cacheTimeout": null,
      "colorBackground": false,
      "colorValue": false,
      "colors": [
        "#299c46",
        "rgba(237, 129, 40, 0.89)",
        "#d44a3a"
      ],
      "datasource": "Ettrak-Hubs",
      "format": "none",
      "gauge": {
        "maxValue": 100,
        "minValue": 0,
        "show": false,
        "thresholdLabels": false,
        "thresholdMarkers": true
      },
      "gridPos": {
        "h": 3,
        "w": 2,
        "x": 2,
        "y": 0
      },
      "id": 47,
      "interval": null,
      "links": [],
      "mappingType": 1,
      "mappingTypes": [
        {
          "name": "value to text",
          "value": 1
        },
        {
          "name": "range to text",
          "value": 2
        }
      ],
      "maxDataPoints": 100,
      "nullPointMode": "connected",
      "nullText": null,
      "options": {},
      "postfix": "",
      "postfixFontSize": "50%",
      "prefix": "",
      "prefixFontSize": "50%",
      "rangeMaps": [
        {
          "from": "null",
          "text": "N/A",
          "to": "null"
        }
      ],
      "sparkline": {
        "fillColor": "rgba(31, 118, 189, 0.18)",
        "full": false,
        "lineColor": "rgb(31, 120, 193)",
        "show": false
      },
      "tableColumn": "",
      "targets": [
        {
          "bucketAggs": [
            {
              "field": "datetime",
              "id": "2",
              "settings": {
                "interval": "auto",
                "min_doc_count": 0,
                "trimEdges": 0
              },
              "type": "date_histogram"
            }
          ],
          "metrics": [
            {
              "field": "session_count",
              "id": "1",
              "meta": {},
              "settings": {},
              "type": "sum"
            }
          ],
          "query": "hostname:$host",
          "refId": "A",
          "timeField": "datetime"
        }
      ],
      "thresholds": "",
      "timeFrom": null,
      "timeShift": null,
      "title": "Sessions",
      "type": "singlestat",
      "valueFontSize": "80%",
      "valueMaps": [
        {
          "op": "=",
          "text": "N/A",
          "value": "null"
        }
      ],
      "valueName": "total"
    },
    {
      "columns": [
        {
          "text": "datetime",
          "value": "datetime"
        },
        {
          "text": "hub_state",
          "value": "hub_state"
        },
        {
          "text": "box_1.state",
          "value": "box_1.state"
        },
        {
          "text": "box_2.state",
          "value": "box_2.state"
        },
        {
          "text": "box_3.state",
          "value": "box_3.state"
        },
        {
          "text": "box_4.state",
          "value": "box_4.state"
        }
      ],
      "datasource": "Ettrak-Hubs",
      "fontSize": "90%",
      "gridPos": {
        "h": 6,
        "w": 20,
        "x": 4,
        "y": 0
      },
      "id": 43,
      "links": [],
      "options": {},
      "pageSize": 20,
      "scroll": true,
      "showHeader": true,
      "sort": {
        "col": 0,
        "desc": true
      },
      "styles": [
        {
          "alias": "Time",
          "align": "auto",
          "dateFormat": "YYYY-MM-DD HH:mm:ss",
          "pattern": "datetime",
          "type": "date"
        },
        {
          "alias": "State",
          "align": "auto",
          "colorMode": "cell",
          "colors": [
            "rgba(245, 54, 54, 0.9)",
            "rgba(237, 129, 40, 0.89)",
            "rgba(50, 172, 45, 0.97)"
          ],
          "decimals": 0,
          "mappingType": 1,
          "pattern": "hub_state",
          "thresholds": [
            "0",
            "2"
          ],
          "type": "string",
          "unit": "short",
          "valueMaps": [
            {
              "text": "error",
              "value": "-1"
            },
            {
              "text": "offline",
              "value": "0"
            },
            {
              "text": "update",
              "value": "1"
            },
            {
              "text": "verify",
              "value": "2"
            },
            {
              "text": "reset",
              "value": "3"
            },
            {
              "text": "setup",
              "value": "4"
            },
            {
              "text": "config",
              "value": "5"
            },
            {
              "text": "prepare",
              "value": "6"
            },
            {
              "text": "operational",
              "value": "7"
            },
            {
              "text": "session",
              "value": "8"
            },
            {
              "text": "maintenance",
              "value": "9"
            }
          ]
        },
        {
          "alias": "Box ",
          "align": "auto",
          "colorMode": "cell",
          "colors": [
            "rgba(245, 54, 54, 0.9)",
            "rgba(237, 129, 40, 0.89)",
            "rgba(50, 172, 45, 0.97)"
          ],
          "dateFormat": "YYYY-MM-DD HH:mm:ss",
          "decimals": 2,
          "mappingType": 1,
          "pattern": "/box_*/",
          "thresholds": [
            "0",
            "1"
          ],
          "type": "string",
          "unit": "short",
          "valueMaps": [
            {
              "text": "connection_error",
              "value": "-3"
            },
            {
              "text": "sync_error",
              "value": "-2"
            },
            {
              "text": "eta_error",
              "value": "-1"
            },
            {
              "text": "setup",
              "value": "0"
            },
            {
              "text": "sys_check",
              "value": "1"
            },
            {
              "text": "ready",
              "value": "2"
            },
            {
              "text": "empty",
              "value": "3"
            },
            {
              "text": "sync",
              "value": "4"
            },
            {
              "text": "idle",
              "value": "5"
            },
            {
              "text": "charge",
              "value": "6"
            },
            {
              "text": "session",
              "value": "7"
            },
            {
              "text": "maintenance",
              "value": "8"
            }
          ]
        }
      ],
      "targets": [
        {
          "bucketAggs": [],
          "metrics": [
            {
              "field": "hub_state",
              "id": "1",
              "meta": {},
              "settings": {
                "size": 500
              },
              "type": "raw_document"
            }
          ],
          "query": "hostname:$host",
          "refId": "A",
          "timeField": "datetime"
        }
      ],
      "timeFrom": null,
      "timeShift": null,
      "title": "Hub Logs",
      "transform": "json",
      "type": "table"
    },
    {
      "cacheTimeout": null,
      "colorBackground": false,
      "colorValue": false,
      "colors": [
        "#299c46",
        "rgba(237, 129, 40, 0.89)",
        "#d44a3a"
      ],
      "datasource": "Ettrak-Hubs",
      "format": "none",
      "gauge": {
        "maxValue": 100,
        "minValue": 0,
        "show": false,
        "thresholdLabels": false,
        "thresholdMarkers": true
      },
      "gridPos": {
        "h": 3,
        "w": 4,
        "x": 0,
        "y": 3
      },
      "id": 49,
      "interval": null,
      "links": [],
      "mappingType": 1,
      "mappingTypes": [
        {
          "name": "value to text",
          "value": 1
        },
        {
          "name": "range to text",
          "value": 2
        }
      ],
      "maxDataPoints": 100,
      "nullPointMode": "connected",
      "nullText": null,
      "options": {},
      "postfix": "Pironex",
      "postfixFontSize": "50%",
      "prefix": "",
      "prefixFontSize": "50%",
      "rangeMaps": [
        {
          "from": "null",
          "text": "N/A",
          "to": "null"
        }
      ],
      "sparkline": {
        "fillColor": "rgba(31, 118, 189, 0.18)",
        "full": false,
        "lineColor": "rgb(31, 120, 193)",
        "show": false
      },
      "tableColumn": "",
      "targets": [
        {
          "bucketAggs": [
            {
              "field": "datetime",
              "id": "2",
              "settings": {
                "interval": "auto",
                "min_doc_count": 0,
                "trimEdges": 0
              },
              "type": "date_histogram"
            }
          ],
          "metrics": [
            {
              "field": "pironex_id",
              "id": "1",
              "meta": {},
              "settings": {},
              "type": "avg"
            }
          ],
          "query": "hostname:$host",
          "refId": "A",
          "timeField": "datetime"
        }
      ],
      "thresholds": "",
      "timeFrom": "5m",
      "timeShift": null,
      "title": "",
      "type": "singlestat",
      "valueFontSize": "80%",
      "valueMaps": [
        {
          "op": "=",
          "text": "N/A",
          "value": "null"
        }
      ],
      "valueName": "current"
    },
    {
      "columns": [
        {
          "text": "datetime",
          "value": "datetime"
        },
        {
          "text": "box_1.pack_id",
          "value": "box_1.pack_id"
        },
        {
          "text": "box_1.avg_soh",
          "value": "box_1.avg_soh"
        },
        {
          "text": "box_2.pack_id",
          "value": "box_2.pack_id"
        },
        {
          "text": "box_2.avg_soh",
          "value": "box_2.avg_soh"
        },
        {
          "text": "box_3.pack_id",
          "value": "box_3.pack_id"
        },
        {
          "text": "box_3.avg_soh",
          "value": "box_3.avg_soh"
        },
        {
          "text": "box_4.pack_id",
          "value": "box_4.pack_id"
        },
        {
          "text": "box_4.avg_soh",
          "value": "box_4.avg_soh"
        }
      ],
      "datasource": "Ettrak-Hubs",
      "fontSize": "90%",
      "gridPos": {
        "h": 5,
        "w": 24,
        "x": 0,
        "y": 6
      },
      "id": 45,
      "links": [],
      "options": {},
      "pageSize": 20,
      "scroll": true,
      "showHeader": true,
      "sort": {
        "col": 5,
        "desc": false
      },
      "styles": [
        {
          "alias": "Time",
          "align": "auto",
          "dateFormat": "YYYY-MM-DD HH:mm:ss",
          "pattern": "datetime",
          "type": "date"
        },
        {
          "alias": "",
          "align": "auto",
          "colorMode": "cell",
          "colors": [
            "rgba(245, 54, 54, 0.9)",
            "rgba(237, 129, 40, 0.89)",
            "rgba(50, 172, 45, 0.97)"
          ],
          "dateFormat": "YYYY-MM-DD HH:mm:ss",
          "decimals": 0,
          "mappingType": 1,
          "pattern": "/.avg_soh*/",
          "thresholds": [
            "20",
            "50"
          ],
          "type": "number",
          "unit": "none"
        }
      ],
      "targets": [
        {
          "bucketAggs": [],
          "metrics": [
            {
              "field": "select field",
              "id": "1",
              "meta": {},
              "settings": {
                "size": 500
              },
              "type": "raw_document"
            }
          ],
          "query": "hostname:$host",
          "refId": "A",
          "timeField": "datetime"
        }
      ],
      "timeFrom": null,
      "timeShift": null,
      "title": "Box Logs",
      "transform": "json",
      "type": "table"
    },
    {
      "datasource": "Ettrak-Hubs",
      "gridPos": {
        "h": 3,
        "w": 3,
        "x": 0,
        "y": 11
      },
      "id": 61,
      "links": [],
      "options": {
        "fieldOptions": {
          "calcs": [
            "mean"
          ],
          "defaults": {
            "color": {
              "mode": "thresholds"
            },
            "decimals": null,
            "mappings": [],
            "max": "50",
            "min": 0,
            "thresholds": {
              "mode": "absolute",
              "steps": [
                {
                  "color": "semi-dark-blue",
                  "index": 0,
                  "value": null
                },
                {
                  "color": "semi-dark-orange",
                  "index": 1,
                  "value": 30
                },
                {
                  "color": "semi-dark-red",
                  "index": 2,
                  "value": 40
                }
              ]
            },
            "unit": "celsius"
          },
          "overrides": [],
          "values": false
        },
        "orientation": "auto",
        "showThresholdLabels": false,
        "showThresholdMarkers": true
      },
      "pluginVersion": "6.6.1",
      "targets": [
        {
          "bucketAggs": [
            {
              "field": "datetime",
              "id": "2",
              "settings": {
                "interval": "auto",
                "min_doc_count": 0,
                "trimEdges": 0
              },
              "type": "date_histogram"
            }
          ],
          "metrics": [
            {
              "field": "box_1.avg_temp",
              "id": "1",
              "meta": {},
              "settings": {},
              "type": "avg"
            }
          ],
          "query": "hostname:$host",
          "refId": "A",
          "timeField": "datetime"
        }
      ],
      "timeFrom": "5m",
      "timeShift": null,
      "title": "Temp | Box_1",
      "type": "gauge"
    },
    {
      "datasource": "Ettrak-Hubs",
      "gridPos": {
        "h": 3,
        "w": 3,
        "x": 3,
        "y": 11
      },
      "id": 58,
      "links": [],
      "options": {
        "fieldOptions": {
          "calcs": [
            "mean"
          ],
          "defaults": {
            "color": {
              "mode": "thresholds"
            },
            "decimals": null,
            "mappings": [],
            "max": "50",
            "min": 0,
            "thresholds": {
              "mode": "absolute",
              "steps": [
                {
                  "color": "semi-dark-blue",
                  "index": 0,
                  "value": null
                },
                {
                  "color": "semi-dark-orange",
                  "index": 1,
                  "value": 30
                },
                {
                  "color": "semi-dark-red",
                  "index": 2,
                  "value": 40
                }
              ]
            },
            "unit": "celsius"
          },
          "overrides": [],
          "values": false
        },
        "orientation": "auto",
        "showThresholdLabels": false,
        "showThresholdMarkers": true
      },
      "pluginVersion": "6.6.1",
      "targets": [
        {
          "bucketAggs": [
            {
              "field": "datetime",
              "id": "2",
              "settings": {
                "interval": "auto",
                "min_doc_count": 0,
                "trimEdges": 0
              },
              "type": "date_histogram"
            }
          ],
          "metrics": [
            {
              "field": "box_2.avg_temp",
              "id": "1",
              "meta": {},
              "settings": {},
              "type": "avg"
            }
          ],
          "query": "hostname:$host",
          "refId": "A",
          "timeField": "datetime"
        }
      ],
      "timeFrom": "5m",
      "timeShift": null,
      "title": "Temp | Box_2",
      "type": "gauge"
    },
    {
      "datasource": "Ettrak-Hubs",
      "gridPos": {
        "h": 3,
        "w": 3,
        "x": 6,
        "y": 11
      },
      "id": 59,
      "links": [],
      "options": {
        "fieldOptions": {
          "calcs": [
            "mean"
          ],
          "defaults": {
            "color": {
              "mode": "thresholds"
            },
            "decimals": null,
            "mappings": [],
            "max": "50",
            "min": 0,
            "thresholds": {
              "mode": "absolute",
              "steps": [
                {
                  "color": "semi-dark-blue",
                  "index": 0,
                  "value": null
                },
                {
                  "color": "semi-dark-orange",
                  "index": 1,
                  "value": 30
                },
                {
                  "color": "semi-dark-red",
                  "index": 2,
                  "value": 40
                }
              ]
            },
            "unit": "celsius"
          },
          "overrides": [],
          "values": false
        },
        "orientation": "auto",
        "showThresholdLabels": false,
        "showThresholdMarkers": true
      },
      "pluginVersion": "6.6.1",
      "targets": [
        {
          "bucketAggs": [
            {
              "field": "datetime",
              "id": "2",
              "settings": {
                "interval": "auto",
                "min_doc_count": 0,
                "trimEdges": 0
              },
              "type": "date_histogram"
            }
          ],
          "metrics": [
            {
              "field": "box_3.avg_temp",
              "id": "1",
              "meta": {},
              "settings": {},
              "type": "avg"
            }
          ],
          "query": "hostname:$host",
          "refId": "A",
          "timeField": "datetime"
        }
      ],
      "timeFrom": "5m",
      "timeShift": null,
      "title": "Temp | Box_3",
      "type": "gauge"
    },
    {
      "datasource": "Ettrak-Hubs",
      "gridPos": {
        "h": 3,
        "w": 3,
        "x": 9,
        "y": 11
      },
      "id": 60,
      "links": [],
      "options": {
        "fieldOptions": {
          "calcs": [
            "mean"
          ],
          "defaults": {
            "color": {
              "mode": "thresholds"
            },
            "decimals": null,
            "mappings": [],
            "max": "50",
            "min": 0,
            "thresholds": {
              "mode": "absolute",
              "steps": [
                {
                  "color": "semi-dark-blue",
                  "index": 0,
                  "value": null
                },
                {
                  "color": "semi-dark-orange",
                  "index": 1,
                  "value": 30
                },
                {
                  "color": "semi-dark-red",
                  "index": 2,
                  "value": 40
                }
              ]
            },
            "unit": "celsius"
          },
          "overrides": [],
          "values": false
        },
        "orientation": "auto",
        "showThresholdLabels": false,
        "showThresholdMarkers": true
      },
      "pluginVersion": "6.6.1",
      "targets": [
        {
          "bucketAggs": [
            {
              "field": "datetime",
              "id": "2",
              "settings": {
                "interval": "auto",
                "min_doc_count": 0,
                "trimEdges": 0
              },
              "type": "date_histogram"
            }
          ],
          "metrics": [
            {
              "field": "box_4.avg_temp",
              "id": "1",
              "meta": {},
              "settings": {},
              "type": "avg"
            }
          ],
          "query": "hostname:$host",
          "refId": "A",
          "timeField": "datetime"
        }
      ],
      "timeFrom": "5m",
      "timeShift": null,
      "title": "Temp | Box_4",
      "type": "gauge"
    },
    {
      "datasource": "Ettrak-Hubs",
      "gridPos": {
        "h": 3,
        "w": 3,
        "x": 12,
        "y": 11
      },
      "id": 57,
      "links": [],
      "options": {
        "fieldOptions": {
          "calcs": [
            "mean"
          ],
          "defaults": {
            "color": {
              "mode": "thresholds"
            },
            "decimals": null,
            "mappings": [],
            "max": 100,
            "min": 0,
            "thresholds": {
              "mode": "absolute",
              "steps": [
                {
                  "color": "semi-dark-red",
                  "index": 0,
                  "value": null
                },
                {
                  "color": "#EAB839",
                  "index": 1,
                  "value": 10
                },
                {
                  "color": "light-green",
                  "index": 2,
                  "value": 80
                }
              ]
            },
            "unit": "percent"
          },
          "overrides": [],
          "values": false
        },
        "orientation": "auto",
        "showThresholdLabels": false,
        "showThresholdMarkers": true
      },
      "pluginVersion": "6.6.1",
      "targets": [
        {
          "bucketAggs": [
            {
              "field": "datetime",
              "id": "2",
              "settings": {
                "interval": "auto",
                "min_doc_count": 0,
                "trimEdges": 0
              },
              "type": "date_histogram"
            }
          ],
          "metrics": [
            {
              "field": "box_1.avg_soc",
              "id": "1",
              "meta": {},
              "settings": {},
              "type": "avg"
            }
          ],
          "query": "hostname:$host",
          "refId": "A",
          "timeField": "datetime"
        }
      ],
      "timeFrom": "5m",
      "timeShift": null,
      "title": "SOC | Box_1",
      "type": "gauge"
    },
    {
      "datasource": "Ettrak-Hubs",
      "gridPos": {
        "h": 3,
        "w": 3,
        "x": 15,
        "y": 11
      },
      "id": 55,
      "links": [],
      "options": {
        "fieldOptions": {
          "calcs": [
            "mean"
          ],
          "defaults": {
            "color": {
              "mode": "thresholds"
            },
            "decimals": null,
            "mappings": [],
            "max": 100,
            "min": 0,
            "thresholds": {
              "mode": "absolute",
              "steps": [
                {
                  "color": "semi-dark-red",
                  "index": 0,
                  "value": null
                },
                {
                  "color": "#EAB839",
                  "index": 1,
                  "value": 10
                },
                {
                  "color": "light-green",
                  "index": 2,
                  "value": 80
                }
              ]
            },
            "unit": "percent"
          },
          "overrides": [],
          "values": false
        },
        "orientation": "auto",
        "showThresholdLabels": false,
        "showThresholdMarkers": true
      },
      "pluginVersion": "6.6.1",
      "targets": [
        {
          "bucketAggs": [
            {
              "field": "datetime",
              "id": "2",
              "settings": {
                "interval": "auto",
                "min_doc_count": 0,
                "trimEdges": 0
              },
              "type": "date_histogram"
            }
          ],
          "metrics": [
            {
              "field": "box_2.avg_soc",
              "id": "1",
              "meta": {},
              "settings": {},
              "type": "avg"
            }
          ],
          "query": "hostname:$host",
          "refId": "A",
          "timeField": "datetime"
        }
      ],
      "timeFrom": "5m",
      "timeShift": null,
      "title": "SOC | Box_2",
      "type": "gauge"
    },
    {
      "datasource": "Ettrak-Hubs",
      "gridPos": {
        "h": 3,
        "w": 3,
        "x": 18,
        "y": 11
      },
      "id": 54,
      "links": [],
      "options": {
        "fieldOptions": {
          "calcs": [
            "mean"
          ],
          "defaults": {
            "color": {
              "mode": "thresholds"
            },
            "decimals": null,
            "mappings": [],
            "max": 100,
            "min": 0,
            "thresholds": {
              "mode": "absolute",
              "steps": [
                {
                  "color": "semi-dark-red",
                  "index": 0,
                  "value": null
                },
                {
                  "color": "#EAB839",
                  "index": 1,
                  "value": 10
                },
                {
                  "color": "light-green",
                  "index": 2,
                  "value": 80
                }
              ]
            },
            "unit": "percent"
          },
          "overrides": [],
          "values": false
        },
        "orientation": "auto",
        "showThresholdLabels": false,
        "showThresholdMarkers": true
      },
      "pluginVersion": "6.6.1",
      "targets": [
        {
          "bucketAggs": [
            {
              "field": "datetime",
              "id": "2",
              "settings": {
                "interval": "auto",
                "min_doc_count": 0,
                "trimEdges": 0
              },
              "type": "date_histogram"
            }
          ],
          "metrics": [
            {
              "field": "box_3.avg_soc",
              "id": "1",
              "meta": {},
              "settings": {},
              "type": "avg"
            }
          ],
          "query": "hostname:$host",
          "refId": "A",
          "timeField": "datetime"
        }
      ],
      "timeFrom": "5m",
      "timeShift": null,
      "title": "SOC | Box_3",
      "type": "gauge"
    },
    {
      "datasource": "Ettrak-Hubs",
      "gridPos": {
        "h": 3,
        "w": 3,
        "x": 21,
        "y": 11
      },
      "id": 56,
      "links": [],
      "options": {
        "fieldOptions": {
          "calcs": [
            "mean"
          ],
          "defaults": {
            "color": {
              "mode": "thresholds"
            },
            "decimals": null,
            "mappings": [],
            "max": 100,
            "min": 0,
            "thresholds": {
              "mode": "absolute",
              "steps": [
                {
                  "color": "semi-dark-red",
                  "index": 0,
                  "value": null
                },
                {
                  "color": "#EAB839",
                  "index": 1,
                  "value": 10
                },
                {
                  "color": "light-green",
                  "index": 2,
                  "value": 80
                }
              ]
            },
            "unit": "percent"
          },
          "overrides": [],
          "values": false
        },
        "orientation": "auto",
        "showThresholdLabels": false,
        "showThresholdMarkers": true
      },
      "pluginVersion": "6.6.1",
      "targets": [
        {
          "bucketAggs": [
            {
              "field": "datetime",
              "id": "2",
              "settings": {
                "interval": "auto",
                "min_doc_count": 0,
                "trimEdges": 0
              },
              "type": "date_histogram"
            }
          ],
          "metrics": [
            {
              "field": "box_4.avg_soc",
              "id": "1",
              "meta": {},
              "settings": {},
              "type": "avg"
            }
          ],
          "query": "hostname:$host",
          "refId": "A",
          "timeField": "datetime"
        }
      ],
      "timeFrom": "5m",
      "timeShift": null,
      "title": "SOC | Box_4",
      "type": "gauge"
    },
    {
      "aliasColors": {},
      "bars": false,
      "cacheTimeout": null,
      "dashLength": 10,
      "dashes": false,
      "datasource": "Ettrak-Hubs",
      "fill": 1,
      "fillGradient": 0,
      "gridPos": {
        "h": 6,
        "w": 12,
        "x": 0,
        "y": 14
      },
      "hiddenSeries": false,
      "id": 10,
      "legend": {
        "avg": false,
        "current": false,
        "max": false,
        "min": false,
        "show": true,
        "total": false,
        "values": false
      },
      "lines": true,
      "linewidth": 1,
      "links": [],
      "nullPointMode": "connected",
      "options": {
        "dataLinks": []
      },
      "paceLength": 10,
      "percentage": false,
      "pointradius": 0.5,
      "points": false,
      "renderer": "flot",
      "seriesOverrides": [
        {
          "alias": "Average box_1.avg_temp",
          "color": "#C4162A"
        },
        {
          "alias": "Average box_2.avg_temp",
          "color": "#C4162A"
        },
        {
          "alias": "Average box_3.avg_temp",
          "color": "#C4162A"
        },
        {
          "alias": "Average box_4.avg_temp",
          "color": "#C4162A"
        }
      ],
      "spaceLength": 10,
      "stack": false,
      "steppedLine": false,
      "targets": [
        {
          "bucketAggs": [
            {
              "field": "datetime",
              "id": "2",
              "settings": {
                "interval": "auto",
                "min_doc_count": 0,
                "trimEdges": 0
              },
              "type": "date_histogram"
            }
          ],
          "metrics": [
            {
              "field": "box_1.avg_temp",
              "id": "1",
              "meta": {},
              "settings": {},
              "type": "avg"
            },
            {
              "field": "box_2.avg_temp",
              "id": "3",
              "meta": {},
              "settings": {},
              "type": "avg"
            },
            {
              "field": "box_3.avg_temp",
              "id": "4",
              "meta": {},
              "settings": {},
              "type": "avg"
            },
            {
              "field": "box_4.avg_temp",
              "id": "5",
              "meta": {},
              "settings": {},
              "type": "avg"
            }
          ],
          "query": "hostname:$host",
          "refId": "A",
          "timeField": "datetime"
        }
      ],
      "thresholds": [],
      "timeFrom": null,
      "timeRegions": [],
      "timeShift": null,
      "title": "Energy Tubes Temperatur | Box avg",
      "tooltip": {
        "shared": false,
        "sort": 0,
        "value_type": "individual"
      },
      "type": "graph",
      "xaxis": {
        "buckets": null,
        "mode": "time",
        "name": null,
        "show": true,
        "values": []
      },
      "yaxes": [
        {
          "format": "celsius",
          "label": null,
          "logBase": 1,
          "max": null,
          "min": null,
          "show": true
        },
        {
          "format": "short",
          "label": null,
          "logBase": 1,
          "max": null,
          "min": null,
          "show": true
        }
      ],
      "yaxis": {
        "align": false,
        "alignLevel": null
      }
    },
    {
      "aliasColors": {},
      "bars": false,
      "dashLength": 10,
      "dashes": false,
      "datasource": "Ettrak-Hubs",
      "fill": 1,
      "fillGradient": 0,
      "gridPos": {
        "h": 6,
        "w": 12,
        "x": 12,
        "y": 14
      },
      "hiddenSeries": false,
      "id": 8,
      "interval": "",
      "legend": {
        "avg": false,
        "current": false,
        "max": false,
        "min": false,
        "show": true,
        "total": false,
        "values": false
      },
      "lines": true,
      "linewidth": 1,
      "links": [],
      "nullPointMode": "connected",
      "options": {
        "dataLinks": []
      },
      "paceLength": 10,
      "percentage": false,
      "pointradius": 0.5,
      "points": false,
      "renderer": "flot",
      "seriesOverrides": [],
      "spaceLength": 10,
      "stack": false,
      "steppedLine": false,
      "targets": [
        {
          "bucketAggs": [
            {
              "field": "datetime",
              "id": "2",
              "settings": {
                "interval": "auto",
                "min_doc_count": 0,
                "trimEdges": 0
              },
              "type": "date_histogram"
            }
          ],
          "metrics": [
            {
              "field": "box_1.avg_soc",
              "id": "1",
              "meta": {},
              "settings": {},
              "type": "avg"
            },
            {
              "field": "box_2.avg_soc",
              "id": "3",
              "meta": {},
              "settings": {},
              "type": "avg"
            },
            {
              "field": "box_3.avg_soc",
              "id": "4",
              "meta": {},
              "settings": {},
              "type": "avg"
            },
            {
              "field": "box_4.avg_soc",
              "id": "5",
              "meta": {},
              "settings": {},
              "type": "avg"
            }
          ],
          "query": "hostname:$host",
          "refId": "A",
          "timeField": "datetime"
        }
      ],
      "thresholds": [],
      "timeFrom": null,
      "timeRegions": [],
      "timeShift": null,
      "title": "State Of Charge | Box Avg",
      "tooltip": {
        "shared": false,
        "sort": 0,
        "value_type": "individual"
      },
      "type": "graph",
      "xaxis": {
        "buckets": null,
        "mode": "time",
        "name": null,
        "show": true,
        "values": []
      },
      "yaxes": [
        {
          "format": "percent",
          "label": null,
          "logBase": 1,
          "max": null,
          "min": null,
          "show": true
        },
        {
          "format": "short",
          "label": null,
          "logBase": 1,
          "max": null,
          "min": null,
          "show": true
        }
      ],
      "yaxis": {
        "align": false,
        "alignLevel": null
      }
    },
    {
      "aliasColors": {},
      "bars": false,
      "dashLength": 10,
      "dashes": false,
      "datasource": "Ettrak-Hubs",
      "fill": 1,
      "fillGradient": 0,
      "gridPos": {
        "h": 5,
        "w": 8,
        "x": 0,
        "y": 20
      },
      "hiddenSeries": false,
      "id": 4,
      "legend": {
        "alignAsTable": true,
        "avg": false,
        "current": true,
        "max": true,
        "min": true,
        "show": true,
        "total": false,
        "values": true
      },
      "lines": true,
      "linewidth": 1,
      "links": [],
      "nullPointMode": "connected",
      "options": {
        "dataLinks": []
      },
      "paceLength": 10,
      "percentage": false,
      "pointradius": 0.5,
      "points": false,
      "renderer": "flot",
      "seriesOverrides": [],
      "spaceLength": 10,
      "stack": false,
      "steppedLine": false,
      "targets": [
        {
          "bucketAggs": [
            {
              "field": "datetime",
              "id": "2",
              "settings": {
                "interval": "auto",
                "min_doc_count": 0,
                "trimEdges": 0
              },
              "type": "date_histogram"
            }
          ],
          "metrics": [
            {
              "field": "box_1.avg_act_curr",
              "id": "1",
              "meta": {},
              "settings": {},
              "type": "avg"
            },
            {
              "field": "box_2.avg_act_curr",
              "id": "3",
              "meta": {},
              "settings": {},
              "type": "avg"
            },
            {
              "field": "box_3.avg_act_curr",
              "id": "4",
              "meta": {},
              "settings": {},
              "type": "avg"
            },
            {
              "field": "box_4.avg_act_curr",
              "id": "5",
              "meta": {},
              "settings": {},
              "type": "avg"
            }
          ],
          "query": "hostname:$host",
          "refId": "A",
          "timeField": "datetime"
        }
      ],
      "thresholds": [],
      "timeFrom": null,
      "timeRegions": [],
      "timeShift": null,
      "title": "Actual Current | Box Avg",
      "tooltip": {
        "shared": false,
        "sort": 0,
        "value_type": "individual"
      },
      "type": "graph",
      "xaxis": {
        "buckets": null,
        "mode": "time",
        "name": null,
        "show": true,
        "values": []
      },
      "yaxes": [
        {
          "format": "mamp",
          "label": null,
          "logBase": 1,
          "max": null,
          "min": null,
          "show": true
        },
        {
          "format": "short",
          "label": null,
          "logBase": 1,
          "max": null,
          "min": null,
          "show": true
        }
      ],
      "yaxis": {
        "align": false,
        "alignLevel": null
      }
    },
    {
      "aliasColors": {},
      "bars": false,
      "dashLength": 10,
      "dashes": false,
      "datasource": "Ettrak-Hubs",
      "fill": 1,
      "fillGradient": 0,
      "gridPos": {
        "h": 5,
        "w": 8,
        "x": 8,
        "y": 20
      },
      "hiddenSeries": false,
      "id": 6,
      "legend": {
        "alignAsTable": true,
        "avg": false,
        "current": true,
        "max": true,
        "min": true,
        "rightSide": false,
        "show": true,
        "total": false,
        "values": true
      },
      "lines": true,
      "linewidth": 1,
      "links": [],
      "nullPointMode": "connected",
      "options": {
        "dataLinks": []
      },
      "paceLength": 10,
      "percentage": false,
      "pointradius": 0.5,
      "points": false,
      "renderer": "flot",
      "seriesOverrides": [],
      "spaceLength": 10,
      "stack": false,
      "steppedLine": false,
      "targets": [
        {
          "bucketAggs": [
            {
              "field": "datetime",
              "id": "2",
              "settings": {
                "interval": "auto",
                "min_doc_count": 0,
                "trimEdges": 0
              },
              "type": "date_histogram"
            }
          ],
          "metrics": [
            {
              "field": "box_1.avg_ext_volt",
              "id": "3",
              "inlineScript": "_value / 1000",
              "meta": {},
              "settings": {
                "script": {
                  "inline": "_value / 1000"
                }
              },
              "type": "avg"
            },
            {
              "field": "box_2.avg_ext_volt",
              "id": "4",
              "inlineScript": "_value / 1000",
              "meta": {},
              "settings": {
                "script": {
                  "inline": "_value / 1000"
                }
              },
              "type": "avg"
            },
            {
              "field": "box_3.avg_ext_volt",
              "id": "5",
              "inlineScript": "_value / 1000",
              "meta": {},
              "settings": {
                "script": {
                  "inline": "_value / 1000"
                }
              },
              "type": "avg"
            },
            {
              "field": "box_4.avg_ext_volt",
              "id": "6",
              "inlineScript": "_value / 1000",
              "meta": {},
              "settings": {
                "script": {
                  "inline": "_value / 1000"
                }
              },
              "type": "avg"
            }
          ],
          "query": "hostname:$host",
          "refId": "A",
          "timeField": "datetime"
        }
      ],
      "thresholds": [],
      "timeFrom": null,
      "timeRegions": [],
      "timeShift": null,
      "title": "External Voltage | Box Avg",
      "tooltip": {
        "shared": false,
        "sort": 0,
        "value_type": "individual"
      },
      "type": "graph",
      "xaxis": {
        "buckets": null,
        "mode": "time",
        "name": null,
        "show": true,
        "values": []
      },
      "yaxes": [
        {
          "format": "volt",
          "label": null,
          "logBase": 1,
          "max": null,
          "min": null,
          "show": true
        },
        {
          "format": "short",
          "label": null,
          "logBase": 1,
          "max": null,
          "min": null,
          "show": true
        }
      ],
      "yaxis": {
        "align": false,
        "alignLevel": null
      }
    },
    {
      "aliasColors": {},
      "bars": false,
      "dashLength": 10,
      "dashes": false,
      "datasource": "Ettrak-Hubs",
      "fill": 1,
      "fillGradient": 0,
      "gridPos": {
        "h": 5,
        "w": 8,
        "x": 16,
        "y": 20
      },
      "hiddenSeries": false,
      "id": 12,
      "legend": {
        "alignAsTable": true,
        "avg": false,
        "current": true,
        "max": true,
        "min": true,
        "rightSide": false,
        "show": true,
        "total": false,
        "values": true
      },
      "lines": true,
      "linewidth": 1,
      "links": [],
      "nullPointMode": "connected",
      "options": {
        "dataLinks": []
      },
      "paceLength": 10,
      "percentage": false,
      "pointradius": 0.5,
      "points": false,
      "renderer": "flot",
      "seriesOverrides": [],
      "spaceLength": 10,
      "stack": false,
      "steppedLine": false,
      "targets": [
        {
          "bucketAggs": [
            {
              "field": "datetime",
              "id": "2",
              "settings": {
                "interval": "auto",
                "min_doc_count": 0,
                "trimEdges": 0
              },
              "type": "date_histogram"
            }
          ],
          "metrics": [
            {
              "field": "box_1.avg_watts",
              "id": "1",
              "meta": {},
              "settings": {},
              "type": "avg"
            },
            {
              "field": "box_2.avg_watts",
              "id": "3",
              "meta": {},
              "settings": {},
              "type": "avg"
            },
            {
              "field": "box_3.avg_watts",
              "id": "4",
              "meta": {},
              "settings": {},
              "type": "avg"
            },
            {
              "field": "box_4.avg_watts",
              "id": "5",
              "meta": {},
              "settings": {},
              "type": "avg"
            }
          ],
          "query": "hostname:$host",
          "refId": "A",
          "timeField": "datetime"
        }
      ],
      "thresholds": [],
      "timeFrom": null,
      "timeRegions": [],
      "timeShift": null,
      "title": "Watts | Box avg",
      "tooltip": {
        "shared": false,
        "sort": 0,
        "value_type": "individual"
      },
      "type": "graph",
      "xaxis": {
        "buckets": null,
        "mode": "time",
        "name": null,
        "show": true,
        "values": []
      },
      "yaxes": [
        {
          "format": "watt",
          "label": null,
          "logBase": 1,
          "max": null,
          "min": null,
          "show": true
        },
        {
          "format": "short",
          "label": null,
          "logBase": 1,
          "max": null,
          "min": null,
          "show": true
        }
      ],
      "yaxis": {
        "align": false,
        "alignLevel": null
      }
    },
    {
      "aliasColors": {},
      "bars": false,
      "dashLength": 10,
      "dashes": false,
      "datasource": "Ettrak-Hubs",
      "decimals": 0,
      "fill": 1,
      "fillGradient": 0,
      "gridPos": {
        "h": 6,
        "w": 8,
        "x": 0,
        "y": 25
      },
      "hiddenSeries": false,
      "id": 2,
      "legend": {
        "alignAsTable": true,
        "avg": true,
        "current": true,
        "max": true,
        "min": true,
        "rightSide": false,
        "show": true,
        "total": false,
        "values": true
      },
      "lines": true,
      "linewidth": 1,
      "links": [],
      "nullPointMode": "connected",
      "options": {
        "dataLinks": []
      },
      "paceLength": 10,
      "percentage": false,
      "pointradius": 1,
      "points": false,
      "renderer": "flot",
      "seriesOverrides": [
        {
          "alias": "Average humidity",
          "color": "#1F60C4"
        },
        {
          "alias": "Average temperature",
          "color": "#C4162A"
        }
      ],
      "spaceLength": 10,
      "stack": false,
      "steppedLine": false,
      "targets": [
        {
          "bucketAggs": [
            {
              "field": "datetime",
              "id": "2",
              "settings": {
                "interval": "auto",
                "min_doc_count": 0,
                "trimEdges": 0
              },
              "type": "date_histogram"
            }
          ],
          "metrics": [
            {
              "field": "humidity",
              "id": "1",
              "meta": {},
              "settings": {},
              "type": "avg"
            },
            {
              "field": "temperature",
              "id": "3",
              "meta": {},
              "settings": {},
              "type": "avg"
            }
          ],
          "query": "hostname:$host",
          "refId": "A",
          "timeField": "datetime"
        }
      ],
      "thresholds": [],
      "timeFrom": null,
      "timeRegions": [],
      "timeShift": null,
      "title": "Sensor Data",
      "tooltip": {
        "shared": false,
        "sort": 0,
        "value_type": "individual"
      },
      "type": "graph",
      "xaxis": {
        "buckets": null,
        "mode": "time",
        "name": null,
        "show": true,
        "values": []
      },
      "yaxes": [
        {
          "format": "none",
          "label": "",
          "logBase": 1,
          "max": null,
          "min": null,
          "show": true
        },
        {
          "format": "percent",
          "label": null,
          "logBase": 1,
          "max": null,
          "min": null,
          "show": true
        }
      ],
      "yaxis": {
        "align": false,
        "alignLevel": null
      }
    },
    {
      "aliasColors": {},
      "bars": false,
      "dashLength": 10,
      "dashes": false,
      "datasource": "Ettrak-Hubs",
      "fill": 1,
      "fillGradient": 0,
      "gridPos": {
        "h": 6,
        "w": 8,
        "x": 8,
        "y": 25
      },
      "hiddenSeries": false,
      "id": 31,
      "legend": {
        "alignAsTable": true,
        "avg": false,
        "current": true,
        "max": true,
        "min": true,
        "rightSide": false,
        "show": true,
        "total": false,
        "values": true
      },
      "lines": true,
      "linewidth": 1,
      "links": [],
      "nullPointMode": "connected",
      "options": {
        "dataLinks": []
      },
      "paceLength": 10,
      "percentage": false,
      "pointradius": 0.5,
      "points": false,
      "renderer": "flot",
      "seriesOverrides": [],
      "spaceLength": 10,
      "stack": false,
      "steppedLine": false,
      "targets": [
        {
          "bucketAggs": [
            {
              "field": "datetime",
              "id": "2",
              "settings": {
                "interval": "auto",
                "min_doc_count": 0,
                "trimEdges": 0
              },
              "type": "date_histogram"
            }
          ],
          "metrics": [
            {
              "field": "ps_1.avg_watts",
              "id": "1",
              "meta": {},
              "settings": {},
              "type": "avg"
            },
            {
              "field": "ps_2.avg_watts",
              "id": "3",
              "meta": {},
              "settings": {},
              "type": "avg"
            }
          ],
          "query": "hostname:$host",
          "refId": "A",
          "timeField": "datetime"
        }
      ],
      "thresholds": [],
      "timeFrom": null,
      "timeRegions": [],
      "timeShift": null,
      "title": "Watt | Power Supplies",
      "tooltip": {
        "shared": true,
        "sort": 0,
        "value_type": "individual"
      },
      "type": "graph",
      "xaxis": {
        "buckets": null,
        "mode": "time",
        "name": null,
        "show": true,
        "values": []
      },
      "yaxes": [
        {
          "format": "watt",
          "label": null,
          "logBase": 1,
          "max": null,
          "min": null,
          "show": true
        },
        {
          "format": "short",
          "label": null,
          "logBase": 1,
          "max": null,
          "min": null,
          "show": true
        }
      ],
      "yaxis": {
        "align": false,
        "alignLevel": null
      }
    },
    {
      "aliasColors": {},
      "bars": false,
      "dashLength": 10,
      "dashes": false,
      "datasource": "Ettrak-Hubs",
      "fill": 1,
      "fillGradient": 0,
      "gridPos": {
        "h": 6,
        "w": 8,
        "x": 16,
        "y": 25
      },
      "hiddenSeries": false,
      "id": 29,
      "legend": {
        "alignAsTable": true,
        "avg": false,
        "current": true,
        "max": true,
        "min": true,
        "show": true,
        "total": false,
        "values": true
      },
      "lines": true,
      "linewidth": 1,
      "links": [],
      "nullPointMode": "connected",
      "options": {
        "dataLinks": []
      },
      "paceLength": 10,
      "percentage": false,
      "pointradius": 0.5,
      "points": false,
      "renderer": "flot",
      "seriesOverrides": [],
      "spaceLength": 10,
      "stack": false,
      "steppedLine": false,
      "targets": [
        {
          "bucketAggs": [
            {
              "field": "datetime",
              "id": "2",
              "settings": {
                "interval": "auto",
                "min_doc_count": 0,
                "trimEdges": 0
              },
              "type": "date_histogram"
            }
          ],
          "metrics": [
            {
              "field": "ps_1.avg_avg_act_curr",
              "id": "1",
              "meta": {},
              "settings": {},
              "type": "avg"
            },
            {
              "field": "ps_2.avg_avg_act_curr",
              "id": "3",
              "meta": {},
              "settings": {},
              "type": "avg"
            }
          ],
          "query": "hostname:$host",
          "refId": "A",
          "timeField": "datetime"
        }
      ],
      "thresholds": [],
      "timeFrom": null,
      "timeRegions": [],
      "timeShift": null,
      "title": "Actual Current | Power Suppies",
      "tooltip": {
        "shared": true,
        "sort": 0,
        "value_type": "individual"
      },
      "type": "graph",
      "xaxis": {
        "buckets": null,
        "mode": "time",
        "name": null,
        "show": true,
        "values": []
      },
      "yaxes": [
        {
          "format": "mamp",
          "label": null,
          "logBase": 1,
          "max": null,
          "min": null,
          "show": true
        },
        {
          "format": "short",
          "label": null,
          "logBase": 1,
          "max": null,
          "min": null,
          "show": true
        }
      ],
      "yaxis": {
        "align": false,
        "alignLevel": null
      }
    }
  ],
  "refresh": " 3m",
  "schemaVersion": 22,
  "style": "dark",
  "tags": [
    "hub-metrics"
  ],
  "templating": {
    "list": [
      {
        "allValue": null,
        "current": {
          "text": "ettrak001",
          "value": "ettrak001"
        },
        "datasource": "Ettrak-Hubs",
        "definition": "{\"find\": \"terms\", \"field\": \"hostname.keyword\"}",
        "hide": 0,
        "includeAll": false,
        "label": null,
        "multi": false,
        "name": "host",
        "options": [],
        "query": "{\"find\": \"terms\", \"field\": \"hostname.keyword\"}",
        "refresh": 2,
        "regex": "",
        "skipUrlSync": false,
        "sort": 1,
        "tagValuesQuery": "",
        "tags": [],
        "tagsQuery": "",
        "type": "query",
        "useTags": false
      }
    ]
  },
  "time": {
    "from": "now/d",
    "to": "now"
  },
  "timepicker": {
    "refresh_intervals": [
      "1s",
      " 3m"
    ],
    "time_options": [
      "5m",
      "15m",
      "1h",
      "6h",
      "12h",
      "24h",
      "2d",
      "7d",
      "30d"
    ]
  },
  "timezone": "",
  "title": "HUB-Metrics",
  "uid": "0_IF336mz",
  "version": 10
}
